pair_id,omega,sentence_id,text,tok_count,content_tok_count,phi_pre,phi_post,loss_u,class,class_cycle4
D03_0001,Omega_A,weblog-juancole.com_juancole_20051126063000_ENG_20051126_063000-0001,"Al-Zaman : American forces killed Shaikh Abdullah al-Ani, the preacher at the mosque in the town of Qaim, near the Syrian border.",29,15,0.662069,0.337241,0.324828,degenerativo,degenerativo
D03_0002,Omega_B,weblog-juancole.com_juancole_20051126063000_ENG_20051126_063000-0002,[This killing of a respected cleric will be causing us trouble for years to come.],18,7,0.476222,0.146222,0.33,degenerativo,degenerativo
D03_0003,Omega_C,weblog-juancole.com_juancole_20051126063000_ENG_20051126_063000-0003,DPA: Iraqi authorities announced that they had busted up 3 terrorist cells operating in Baghdad.,17,9,0.562588,0.270824,0.291765,degenerativo,degenerativo
D03_0004,Omega_A,weblog-juancole.com_juancole_20051126063000_ENG_20051126_063000-0004,Two of them were being run by 2 officials of the Ministry of the Interior!,16,4,0.355,0.040625,0.314375,degenerativo,degenerativo
D03_0005,Omega_B,weblog-juancole.com_juancole_20051126063000_ENG_20051126_063000-0005,"The MoI in Iraq is equivalent to the US FBI, so this would be like having J. Edgar Hoover unwittingly employ at a high level members of the Weathermen bombers back in the 1960s.",36,19,0.669444,0.399167,0.270278,ambiguo,preservativo
D03_0006,Omega_C,weblog-juancole.com_juancole_20051126063000_ENG_20051126_063000-0006,The third was being run by the head of an investment firm.,13,5,0.413231,0.114,0.299231,degenerativo,degenerativo
D03_0007,Omega_A,weblog-juancole.com_juancole_20051126063000_ENG_20051126_063000-0007,You wonder if he was manipulating the market with his bombing targets.,13,5,0.413231,0.114,0.299231,degenerativo,degenerativo
D03_0008,Omega_B,weblog-juancole.com_juancole_20051126063000_ENG_20051126_063000-0008,The cells were operating in the Ghazaliyah and al-Jihad districts of the capital.,16,7,0.48625,0.178125,0.308125,degenerativo,degenerativo
D03_0009,Omega_C,weblog-juancole.com_juancole_20051126063000_ENG_20051126_063000-0009,"Although the announcement was probably made to show progress in identifying and breaking up terror cells, I don't find the news that the Baathists continue to penetrate the Iraqi government very hopeful.",35,18,0.66,0.387143,0.272857,ambiguo,preservativo
D03_0010,Omega_A,weblog-juancole.com_juancole_20051126063000_ENG_20051126_063000-0010,It reminds me too much of the ARVN officers who were secretly working for the other side in Vietnam.,20,10,0.578,0.3055,0.2725,ambiguo,preservativo
D03_0011,Omega_B,weblog-juancole.com_juancole_20051126063000_ENG_20051126_063000-0011,Al-Zaman : Guerrillas killed a member of the Kurdistan Democratic Party after kidnapping him in Mosul.,19,10,0.584421,0.278105,0.306316,degenerativo,degenerativo
D03_0012,Omega_C,weblog-juancole.com_juancole_20051126063000_ENG_20051126_063000-0012,"The police commander of Ninevah Province announced that bombings had declined 80 percent in Mosul, whereas there had been a big jump in the number of kidnappings.",29,14,0.637931,0.356207,0.281724,degenerativo,ambiguo
D03_0013,Omega_A,weblog-juancole.com_juancole_20051126063000_ENG_20051126_063000-0013,On Wednesday guerrillas had kidnapped a cosmetic surgeon and his wife while they were on their way home.,19,8,0.510737,0.225474,0.285263,degenerativo,degenerativo
D03_0014,Omega_B,weblog-juancole.com_juancole_20051126063000_ENG_20051126_063000-0014,"In Suwayrah, Kut Province, two car bombs were discovered before they could be detonated.",17,7,0.480235,0.150235,0.33,degenerativo,degenerativo
D03_0015,Omega_C,weblog-juancole.com_juancole_20051126063000_ENG_20051126_063000-0015,"(Kut is in southeastern Iraq and has an overwhelmingly Shiite population, who are on the lookout for Baathist saboteurs and willingly turn them in.",27,12,0.611111,0.308889,0.302222,degenerativo,degenerativo
D03_0016,Omega_A,weblog-juancole.com_juancole_20051126063000_ENG_20051126_063000-0016,This willingness is the main difference in the number of bombings in the south as opposed to the center-north of the country.),26,10,0.569231,0.256538,0.312692,degenerativo,degenerativo
D03_0017,Omega_B,weblog-juancole.com_juancole_20051126063000_ENG_20051126_063000-0017,"In Baghdad Kadhim Talal Husain, assistant dean at the School of Education at Mustansiriyah University, was assassinated with his driver in the Salikh district.",27,14,0.662963,0.371852,0.291111,degenerativo,degenerativo
D03_0018,Omega_C,weblog-juancole.com_juancole_20051126063000_ENG_20051126_063000-0018,"Guerrillas killed an engineer, Asi Ali, from Tikrit.",11,6,0.501818,0.158182,0.343636,degenerativo,degenerativo
D03_0019,Omega_A,weblog-juancole.com_juancole_20051126063000_ENG_20051126_063000-0019,"They also killed Shaikh Hamid 'Akkab, a clan elder of a branch of the Dulaim tribe in Tikrit.",20,11,0.613,0.3305,0.2825,degenerativo,ambiguo
D03_0020,Omega_B,weblog-juancole.com_juancole_20051126063000_ENG_20051126_063000-0020,His mother was also killed in the attack.,9,4,0.407111,0.104889,0.302222,degenerativo,degenerativo
D03_0021,Omega_C,weblog-juancole.com_juancole_20051126063000_ENG_20051126_063000-0021,Two other Dulaim leaders have been killed in the past week and a half.,15,7,0.494667,0.211333,0.283333,degenerativo,ambiguo
D03_0022,Omega_A,weblog-juancole.com_juancole_20051126063000_ENG_20051126_063000-0022,"Guerrillas near Hawijah launched an attack that left 6 dead, including 4 Iraqi soldiers.",16,9,0.57375,0.284375,0.289375,degenerativo,degenerativo
D03_0023,Omega_B,weblog-juancole.com_juancole_20051126063000_ENG_20051126_063000-0023,One of them was from the Jubur tribe and was deputy commander of the Hawijah garrison.,17,6,0.439059,0.141412,0.297647,degenerativo,degenerativo
D03_0024,Omega_C,weblog-juancole.com_juancole_20051126063000_ENG_20051126_063000-0024,"Two hundred members of the Batawi clan of the Dulaim demonstrated in Baghdad on Friday, protesting the killing of their clan elder, Shaikh Kadhim Sarhid and 4 of his sons, by gunmen wearing Iraqi army uniforms.",40,20,0.65,0.36,0.29,degenerativo,degenerativo
D03_0025,Omega_A,weblog-juancole.com_juancole_20051126063000_ENG_20051126_063000-0025,"(This is a largely Sunni Arab clan, and some Sunni observers have accused Shiite elements in the government of being behind the assassination; it is more likely the work of Sunni Arab guerrillas punishing the Batawi leaders for cooperating with the Dec. 15 elections.)",49,23,0.628571,0.333265,0.295306,degenerativo,degenerativo
D03_0026,Omega_B,weblog-juancole.com_juancole_20051126063000_ENG_20051126_063000-0026,Al-Zaman : The Iraqi High Electoral Commission on Friday denied a request of the Debaathification Commission to exclude 51 individuals from running on party lists in the Dec. 15 elections on grounds of having been sufficiently involved in Baath activities to warrant their being excluded from civil office.,51,27,0.670588,0.399412,0.271176,ambiguo,preservativo
D03_0027,Omega_C,weblog-juancole.com_juancole_20051126063000_ENG_20051126_063000-0027,The Commission said it had no legal grounds for such an exclusion.,13,6,0.467077,0.179385,0.287692,degenerativo,degenerativo
D03_0028,Omega_A,weblog-juancole.com_juancole_20051126063000_ENG_20051126_063000-0028,This item is a small one and easily missed.,10,5,0.458,0.168,0.29,degenerativo,degenerativo
D03_0029,Omega_B,weblog-juancole.com_juancole_20051126063000_ENG_20051126_063000-0029,But in my view it is highly significant.,9,3,0.329333,0.010444,0.318889,degenerativo,degenerativo
D03_0030,Omega_C,weblog-juancole.com_juancole_20051126063000_ENG_20051126_063000-0030,"The Debaathification Commission had been pushed by Ahmad Chalabi and his Iraqi National Congress very hard, and had pushed many Sunni Arabs into the arms of the guerrillas.",30,16,0.673333,0.4,0.273333,ambiguo,preservativo
D03_0031,Omega_A,weblog-juancole.com_juancole_20051126063000_ENG_20051126_063000-0031,"Chalabi has been increasingly marginalized within Iraq, however, despite his ties of clientelage with Washington and Tehran.",20,9,0.543,0.228,0.315,degenerativo,degenerativo
D03_0032,Omega_B,weblog-juancole.com_juancole_20051126063000_ENG_20051126_063000-0032,"He is no longer in the dominant Shiite list, the United Iraqi Alliance, and won't have many seats in the new parliament.",26,13,0.65,0.354615,0.295385,degenerativo,degenerativo
D03_0033,Omega_C,weblog-juancole.com_juancole_20051126063000_ENG_20051126_063000-0033,"Some 2,000 junior officers of the old Baath army have been recalled to duty in recent months, something Chalabi would have blocked if he could have.",28,11,0.575,0.278929,0.296071,degenerativo,degenerativo
D03_0034,Omega_A,weblog-juancole.com_juancole_20051126063000_ENG_20051126_063000-0034,Now the Electoral Commission is refusing to punish people for mere past Baath Party membership.,16,11,0.66125,0.4125,0.24875,ambiguo,preservativo
D03_0035,Omega_B,weblog-juancole.com_juancole_20051126063000_ENG_20051126_063000-0035,The situation in Iraq is only going to get better this way.,13,7,0.520923,0.244769,0.276154,ambiguo,ambiguo
D03_0036,Omega_C,weblog-juancole.com_juancole_20051126063000_ENG_20051126_063000-0036,"If someone committed a crime against humanity, prosecute the person.",12,5,0.423667,0.097833,0.325833,degenerativo,degenerativo
D03_0037,Omega_A,weblog-juancole.com_juancole_20051126063000_ENG_20051126_063000-0037,"If he or she did not, then they should have all the same rights as other Iraqis.",19,6,0.437053,0.117579,0.319474,degenerativo,degenerativo
D03_0038,Omega_B,weblog-juancole.com_juancole_20051126063000_ENG_20051126_063000-0038,Al-Sharq al-Awsat reports that a key eyewitness in the trial of Saddam Hussein for a 1982 massacre at Dujail has died.,26,13,0.65,0.354615,0.295385,degenerativo,degenerativo
D03_0039,Omega_C,weblog-juancole.com_juancole_20051126063000_ENG_20051126_063000-0039,A team from the court managed to take his deposition before he died.,14,6,0.456,0.165286,0.290714,degenerativo,degenerativo
D03_0040,Omega_A,weblog-juancole.com_juancole_20051126063000_ENG_20051126_063000-0040,The trial begins again Nov.28.,7,4,0.472,0.177714,0.294286,degenerativo,degenerativo
D03_0041,Omega_B,weblog-blogspot.com_healingiraq_20040409053012_ENG_20040409_053012-0001,"In Baghdad the fighting still continues in several areas, mostly in Sadr city and Adhamiya.",17,10,0.603765,0.320824,0.282941,degenerativo,ambiguo
D03_0042,Omega_C,weblog-blogspot.com_healingiraq_20040409053012_ENG_20040409_053012-0002,"Baghdadis don't venture much out of their neighbourhoods any more, you never know where you might get stuck.",21,11,0.606667,0.321905,0.284762,degenerativo,degenerativo
D03_0043,Omega_A,weblog-blogspot.com_healingiraq_20040409053012_ENG_20040409_053012-0003,There has been talk that the night curfew might be implemented again.,13,6,0.467077,0.179385,0.287692,degenerativo,degenerativo
D03_0044,Omega_B,weblog-blogspot.com_healingiraq_20040409053012_ENG_20040409_053012-0004,"My neighbourhood has been surrounded by American troops for three days now, helicopters have been circling over our heads non-stop.",22,10,0.570182,0.276545,0.293636,degenerativo,degenerativo
D03_0045,Omega_C,weblog-blogspot.com_healingiraq_20040409053012_ENG_20040409_053012-0005,Fedayeen are now visible on the street and they have become bolder than ever.,15,7,0.494667,0.211333,0.283333,degenerativo,ambiguo
D03_0046,Omega_A,weblog-blogspot.com_healingiraq_20040409053012_ENG_20040409_053012-0006,"Yesterday there were tens of them putting road blocks on our street and setting up mortars, they only come out in the open when Americans leave the area, then they start firing mortars indiscriminately and shooting their AK-47's in the air.",46,26,0.695652,0.42,0.275652,ambiguo,preservativo
D03_0047,Omega_B,weblog-blogspot.com_healingiraq_20040409053012_ENG_20040409_053012-0007,"They are setting the road blocks at the exact same positions they were during the war last year, which indicates they are the same people.",27,12,0.611111,0.321852,0.289259,degenerativo,degenerativo
D03_0048,Omega_C,weblog-blogspot.com_healingiraq_20040409053012_ENG_20040409_053012-0008,"And there is nothing we can do about it really, people who are suggesting that we go out and fight them are living in dream land.",28,11,0.575,0.278929,0.296071,degenerativo,degenerativo
D03_0049,Omega_A,weblog-blogspot.com_healingiraq_20040409053012_ENG_20040409_053012-0009,"Even the IP and ICDC have abandoned the neighbourhood, and those are trained and armed, so don't expect scared civilians to do anything except to hide inside and pray a helicopter or a tank doesn't bomb them, and also how are American soldiers going to distinguish the brave and valiant civilians from the Fedayeen?",60,28,0.626667,0.343333,0.283333,degenerativo,ambiguo
D03_0050,Omega_B,weblog-blogspot.com_healingiraq_20040409053012_ENG_20040409_053012-0010,"Everyone is apprehensive, there is some talk that April 9th and 10th are going to be bloody days.",20,9,0.543,0.2455,0.2975,degenerativo,degenerativo
D03_0051,Omega_C,weblog-blogspot.com_healingiraq_20040409053012_ENG_20040409_053012-0011,"Most people haven't gone to work the last few days, although it seems that the rest of Baghdad is 'normal' (if you can define what normal is).",34,13,0.567647,0.233235,0.334412,degenerativo,degenerativo
D03_0052,Omega_A,weblog-blogspot.com_healingiraq_20040409053012_ENG_20040409_053012-0012,"There are rumours about preparations by slum dwellers for another looting spree against banks, governmental and public property similar to the one that took place last April, and I have already overheard youngsters in my neighbourhood joking about it and saying things like ""This time we will be the first to loot, we didn't get anything the last time"".",66,30,0.618182,0.324545,0.293636,degenerativo,degenerativo
D03_0053,Omega_B,weblog-blogspot.com_healingiraq_20040409053012_ENG_20040409_053012-0013,"Mosques are calling for donating blood, food, and medicine for Fallujah, and several convoys have already headed out for Fallujah, most of them returned later though.",31,17,0.683871,0.379677,0.304194,degenerativo,degenerativo
D03_0054,Omega_C,weblog-blogspot.com_healingiraq_20040409053012_ENG_20040409_053012-0014,"What irritates me is this sudden false 'solidarity' between Sunni and Shi'ite clerics, we all know that they would be glad to get at each others throats when they have the chance, and Shia clerics were describing Fallujan insurgents as 'Ba'athists', 'Saddamites', 'Wahhabis', and 'terrorists' just a few days ago.",67,28,0.592537,0.241642,0.350896,degenerativo,degenerativo
D03_0055,Omega_A,weblog-blogspot.com_healingiraq_20040409053012_ENG_20040409_053012-0015,So what happened?,4,2,0.386,0.0435,0.3425,degenerativo,degenerativo
D03_0056,Omega_B,weblog-blogspot.com_healingiraq_20040409053012_ENG_20040409_053012-0016,"I guess it's just the old new Arab 'Me against my brother, me and my brother against my cousin, me and my cousin against my enemy', or 'The enemy of my enemy is my friend' thing going on again.",48,16,0.533333,0.195,0.338333,degenerativo,degenerativo
D03_0057,Omega_C,weblog-blogspot.com_healingiraq_20040409053012_ENG_20040409_053012-0017,"Speaking of Fallujah, we have only Al-Jazeera to rely on for our news from there.",19,9,0.547579,0.233368,0.314211,degenerativo,degenerativo
D03_0058,Omega_A,weblog-blogspot.com_healingiraq_20040409053012_ENG_20040409_053012-0018,"They have sent over their top reporter Ahmed Mansour to the town, and he is spouting all kinds of propaganda hourly reminding me of Al-Sahhaf.",29,14,0.637931,0.344138,0.293793,degenerativo,degenerativo
D03_0059,Omega_B,weblog-blogspot.com_healingiraq_20040409053012_ENG_20040409_053012-0019,"""They are targetting ambulances"", ""American snipers are shooting children and pregnant women"", and ""They are using cluster bombs against civilians"" is all you get to hear from him.",37,14,0.564865,0.206486,0.358378,degenerativo,degenerativo
D03_0060,Omega_C,weblog-blogspot.com_healingiraq_20040409053012_ENG_20040409_053012-0020,"He did once make an unforgivable error when he mentioned that Fallujan militants were shooting at the Marines from the roofs of mosques and houses in Hay Al-Golan, but of course that is okay for Al-Jazeera.",42,20,0.633333,0.341429,0.291905,degenerativo,degenerativo
D03_0061,Omega_A,weblog-blogspot.com_healingiraq_20040409053012_ENG_20040409_053012-0021,Someone who called himself Abu Hafs from the Ibn Al-Khattab Brigades (another new group) was on Al-Jazeera describing the enormous casualties among the Marines and he sweared that American soldiers were mutilating the bodies of dead insurgents.,44,22,0.65,0.355227,0.294773,degenerativo,degenerativo
D03_0062,Omega_B,weblog-blogspot.com_healingiraq_20040409053012_ENG_20040409_053012-0022,Over 300 Iraqis are reported dead and 500 wounded in Fallujah alone.,13,7,0.520923,0.244769,0.276154,ambiguo,ambiguo
D03_0063,Omega_C,weblog-blogspot.com_healingiraq_20040409053012_ENG_20040409_053012-0023,Al-Iraqiyah tv said that ICDC were controlling Ramadi.,11,7,0.565455,0.267273,0.298182,degenerativo,degenerativo
D03_0064,Omega_A,weblog-blogspot.com_healingiraq_20040409053012_ENG_20040409_053012-0024,"Azzaman newspaper mentioned an announcement signed by Abdul Aziz bin Muqrin, an Al-Qaeda operative in Saudi Arabia on an Islamic website 'the voice of Jihad', in which he stated that ""although mutilating dead bodies is not originally permitted in Islam, but in this case it is allowed if Muslims use it against infidels to deter them from committing criminal actions"".",70,34,0.64,0.337857,0.302143,degenerativo,degenerativo
D03_0065,Omega_B,weblog-blogspot.com_healingiraq_20040409053012_ENG_20040409_053012-0025,"He added that ""America does not understand anything except the language of force and retaliation, they were kicked out of Somalia in humiliation after that soldier was dragged in Mogadishu for the whole world to see"", and that ""the day will come when the dead bodies of Americans and Jews would be dragged, defiled, and stepped on in the Arabian peninsula together with their agents and supporters"".",76,30,0.576316,0.264079,0.312237,degenerativo,degenerativo
D03_0066,Omega_C,weblog-typepad.com_ripples_20040407125600_ENG_20040407_125600-0001,Elena's motorcycle tour through the region around Chernobyl has revived interest in one of the most serious nuclear disasters in history.,23,12,0.629217,0.362261,0.266957,ambiguo,preservativo
D03_0067,Omega_A,weblog-typepad.com_ripples_20040407125600_ENG_20040407_125600-0002,"We all know what happened, but even to this day, there are many different versions and opinions on how it happened and what effect Chernobyl will have on the health of people affected by the fallout.",39,18,0.623077,0.335385,0.287692,degenerativo,degenerativo
D03_0068,Omega_B,weblog-typepad.com_ripples_20040407125600_ENG_20040407_125600-0003,UPDATE:,2,1,0.362,0.0,0.43,degenerativo,degenerativo
D03_0069,Omega_C,weblog-typepad.com_ripples_20040407125600_ENG_20040407_125600-0004,Now you can tour Chernobyl and write your own story.,11,6,0.501818,0.221818,0.28,ambiguo,ambiguo
D03_0070,Omega_A,weblog-typepad.com_ripples_20040407125600_ENG_20040407_125600-0005,This is not a post about fault-finding or assigning blame.,13,5,0.413231,0.087077,0.326154,degenerativo,degenerativo
D03_0071,Omega_B,weblog-typepad.com_ripples_20040407125600_ENG_20040407_125600-0006,It is a time to learn what happened and how it may affect the future.,16,6,0.4425,0.146875,0.295625,degenerativo,degenerativo
D03_0072,Omega_C,weblog-typepad.com_ripples_20040407125600_ENG_20040407_125600-0007,There was a soothing authoritative UNSCEAR (United Nations Scientific Committee on the Effects of Atomic Radiation ) report in 2000 on the health effects of Chernobyl confirming that there was no scientific evidence of any significant radiation-related health effects to most people exposed.,47,27,0.702128,0.428511,0.273617,ambiguo,preservativo
D03_0073,Omega_A,weblog-typepad.com_ripples_20040407125600_ENG_20040407_125600-0008,This was heavily promoted by the Australasian Radiation Protection Society in a press release titled THE MYTHS OF CHERNOBYL which contained the following:,24,13,0.655167,0.391833,0.263333,ambiguo,preservativo
D03_0074,Omega_B,weblog-typepad.com_ripples_20040407125600_ENG_20040407_125600-0009,"One of the most widespread myths of recent times is that the Chernobyl nuclear reactor accident in 1986 caused many thousands of extra cancer deaths in neighbouring regions, and that public health has been severely affected by exposure to radiation.",42,23,0.683333,0.41881,0.264524,ambiguo,preservativo
D03_0075,Omega_C,weblog-typepad.com_ripples_20040407125600_ENG_20040407_125600-0010,"Many people still believe that to be true, even though the Ministry of Russian Federation on Civil Defence, Emergencies and Elimination of Conseguences of Natural Disasters (EMERCOM of Russia) reported this in 1996:",38,19,0.65,0.348947,0.301053,degenerativo,degenerativo
D03_0076,Omega_A,weblog-typepad.com_ripples_20040407125600_ENG_20040407_125600-0011,CHERNOBYL ACCIDENT: TEN YEARS ON,6,4,0.526667,0.238333,0.288333,degenerativo,degenerativo
D03_0077,Omega_B,weblog-typepad.com_ripples_20040407125600_ENG_20040407_125600-0012,"In the last decade, there has been a real and significant increase in childhood and, to a certain extent, adult carcinoma of the thyroid in contaminated regions of the former Soviet Union (Wi940) which should be attributed to the Chernobyl accident until proven otherwise.",50,23,0.622,0.319,0.303,degenerativo,degenerativo
D03_0078,Omega_C,weblog-typepad.com_ripples_20040407125600_ENG_20040407_125600-0013,The prestigious IAEA (International Atomic Energy Agency) published an early report on Chernobyl which was based on information from Russian sources and stated that there was no significant health effects.,33,19,0.70303,0.427576,0.275455,ambiguo,preservativo
D03_0079,Omega_A,weblog-typepad.com_ripples_20040407125600_ENG_20040407_125600-0014,"However, in April 2001, the IAEA published Fifteen Years after the Chernobyl Accident - Lessons learned. which contradict the earlier reports.",25,12,0.624,0.296,0.328,degenerativo,degenerativo
D03_0080,Omega_B,weblog-typepad.com_ripples_20040407125600_ENG_20040407_125600-0015,Here are some excerpts:,5,2,0.328,0.0,0.34,degenerativo,degenerativo
D03_0081,Omega_C,weblog-typepad.com_ripples_20040407125600_ENG_20040407_125600-0016,"The dramatic increase in radiation-induced thyroid cancers in children and adolescents in Belarus, Russia, and Ukraine, which have been observed since 1991, continues to this day.",33,14,0.59697,0.26697,0.33,degenerativo,degenerativo
D03_0082,Omega_A,weblog-typepad.com_ripples_20040407125600_ENG_20040407_125600-0017,"...a drop in the birth rate, a deterioration in women's reproductive health, an increase in complications during pregnancy and birth, and a deterioration in neonatal health....",32,14,0.60625,0.287187,0.319062,degenerativo,degenerativo
D03_0083,Omega_B,weblog-typepad.com_ripples_20040407125600_ENG_20040407_125600-0018,"The dynamics of change in the state of health of children affected by the Chernobyl accident in all three countries - Belarus, Russia, and Ukraine - in the post-accident period is characterized by persistent negative tendencies: the morbidity rate is going up, the number of really healthy children is dropping, and disability is increasing .",60,29,0.638333,0.334167,0.304167,degenerativo,degenerativo
D03_0084,Omega_C,weblog-typepad.com_ripples_20040407125600_ENG_20040407_125600-0019,"As a parent, I can well imagine how painful it must be for those families whose children are succumbing to radiation poisoning.",24,10,0.567667,0.271,0.296667,degenerativo,degenerativo
D03_0085,Omega_A,weblog-typepad.com_ripples_20040407125600_ENG_20040407_125600-0020,There is a lot to learn about Chernobyl.,9,4,0.407111,0.104889,0.302222,degenerativo,degenerativo
D03_0086,Omega_B,weblog-typepad.com_ripples_20040407125600_ENG_20040407_125600-0021,Being well-informed will give you certainty and that is desirable in a world of conflicting reports.,19,8,0.510737,0.207053,0.303684,degenerativo,degenerativo
D03_0087,Omega_C,weblog-typepad.com_ripples_20040407125600_ENG_20040407_125600-0022,There are a wealth of references on Chernobyl.,9,4,0.407111,0.104889,0.302222,degenerativo,degenerativo
D03_0088,Omega_A,weblog-typepad.com_ripples_20040407125600_ENG_20040407_125600-0023,Read some of the following links and draw your own conclusions.,12,6,0.482,0.197833,0.284167,degenerativo,degenerativo
D03_0089,Omega_B,weblog-typepad.com_ripples_20040407125600_ENG_20040407_125600-0024,These links present the many viewpoints that existed and still exist about the disaster called Chernobyl:,17,10,0.603765,0.341412,0.262353,ambiguo,preservativo
D03_0090,Omega_C,weblog-typepad.com_ripples_20040407125600_ENG_20040407_125600-0025,IAEA Report Lessons learned,4,4,0.736,0.556,0.18,ambiguo,preservativo
D03_0091,Omega_A,weblog-typepad.com_ripples_20040407125600_ENG_20040407_125600-0026,http://www.ibiblio.org/expo/soviet.exhibit/chernobyl.html,1,1,0.7,0.52,0.18,ambiguo,preservativo
D03_0092,Omega_B,weblog-typepad.com_ripples_20040407125600_ENG_20040407_125600-0027,http://www.ibrae.ac.ru/IBRAE/eng/chernobyl/nat_rep/nat_repe.htm#24,1,1,0.7,0.52,0.18,ambiguo,preservativo
D03_0093,Omega_C,weblog-typepad.com_ripples_20040407125600_ENG_20040407_125600-0028,http://www.nsrl.ttu.edu/chernobyl/wildlifepreserve.htm,1,1,0.7,0.52,0.18,ambiguo,preservativo
D03_0094,Omega_A,weblog-typepad.com_ripples_20040407125600_ENG_20040407_125600-0029,http://www.environmentalchemistry.com/yogi/hazmat/articles/chernobyl1.html,1,1,0.7,0.52,0.18,ambiguo,preservativo
D03_0095,Omega_B,weblog-typepad.com_ripples_20040407125600_ENG_20040407_125600-0030,http://digon_va.tripod.com/Chernobyl.htm,1,1,0.7,0.52,0.18,ambiguo,preservativo
D03_0096,Omega_C,weblog-typepad.com_ripples_20040407125600_ENG_20040407_125600-0031,http://www.oneworld.org/index_oc/issue196/byckau.html,1,1,0.7,0.52,0.18,ambiguo,preservativo
D03_0097,Omega_A,weblog-typepad.com_ripples_20040407125600_ENG_20040407_125600-0032,http://www.collectinghistory.net/chernobyl/,1,1,0.7,0.52,0.18,ambiguo,preservativo
D03_0098,Omega_B,weblog-typepad.com_ripples_20040407125600_ENG_20040407_125600-0033,http://www.ukrainianweb.com/chernobyl_ukraine.htm,1,1,0.7,0.52,0.18,ambiguo,preservativo
D03_0099,Omega_C,weblog-typepad.com_ripples_20040407125600_ENG_20040407_125600-0034,http://www.bullatomsci.org/issues/1993/s93/s93Marples.html,1,1,0.7,0.52,0.18,ambiguo,preservativo
D03_0100,Omega_A,weblog-typepad.com_ripples_20040407125600_ENG_20040407_125600-0035,http://www.calguard.ca.gov/ia/Chernobyl-15%20years.htm,1,1,0.7,0.52,0.18,ambiguo,preservativo
D03_0101,Omega_B,weblog-typepad.com_ripples_20040407125600_ENG_20040407_125600-0036,http://www.infoukes.com/history/chornobyl/gregorovich/index.html,1,1,0.7,0.52,0.18,ambiguo,preservativo
D03_0102,Omega_C,weblog-typepad.com_ripples_20040407125600_ENG_20040407_125600-0037,http://www.un.org/ha/chernobyl/,1,1,0.7,0.52,0.18,ambiguo,preservativo
D03_0103,Omega_A,weblog-typepad.com_ripples_20040407125600_ENG_20040407_125600-0038,http://www.tecsoc.org/pubs/history/2002/apr26.htm,1,1,0.7,0.52,0.18,ambiguo,preservativo
D03_0104,Omega_B,weblog-typepad.com_ripples_20040407125600_ENG_20040407_125600-0039,http://www.chernobyl.org.uk/page2.htm,1,1,0.7,0.52,0.18,ambiguo,preservativo
D03_0105,Omega_C,weblog-typepad.com_ripples_20040407125600_ENG_20040407_125600-0040,http://www.time.com/time/daily/chernobyl/860901.accident.html,1,1,0.7,0.52,0.18,ambiguo,preservativo
D03_0106,Omega_A,weblog-typepad.com_ripples_20040407125600_ENG_20040407_125600-0041,http://www.infoukes.com/history/chornobyl/elg/,1,1,0.7,0.52,0.18,ambiguo,preservativo
D03_0107,Omega_B,weblog-typepad.com_ripples_20040407125600_ENG_20040407_125600-0042,http://www.world-nuclear.org/info/chernobyl/inf07.htm,1,1,0.7,0.52,0.18,ambiguo,preservativo
D03_0108,Omega_C,weblog-typepad.com_ripples_20040407125600_ENG_20040407_125600-0043,http://www.nea.fr/html/rp/chernobyl/conclusions5.html,1,1,0.7,0.52,0.18,ambiguo,preservativo
D03_0109,Omega_A,weblog-typepad.com_ripples_20040407125600_ENG_20040407_125600-0044,http://www.nea.fr/html/rp/chernobyl/c01.html,1,1,0.7,0.52,0.18,ambiguo,preservativo
D03_0110,Omega_B,weblog-typepad.com_ripples_20040407125600_ENG_20040407_125600-0045,http://www.nea.fr/html/rp/chernobyl/c05.html,1,1,0.7,0.52,0.18,ambiguo,preservativo
D03_0111,Omega_C,weblog-typepad.com_ripples_20040407125600_ENG_20040407_125600-0046,http://www.physics.isu.edu/radinf/chern.htm,1,1,0.7,0.52,0.18,ambiguo,preservativo
D03_0112,Omega_A,weblog-typepad.com_ripples_20040407125600_ENG_20040407_125600-0047,http://www.chernobyl.info/en,1,1,0.7,0.52,0.18,ambiguo,preservativo
D03_0113,Omega_B,weblog-typepad.com_ripples_20040407125600_ENG_20040407_125600-0048,http://www.arps.org.au/Chernobyl.htm,1,1,0.7,0.52,0.18,ambiguo,preservativo
D03_0114,Omega_C,weblog-typepad.com_ripples_20040407125600_ENG_20040407_125600-0049,http://www-formal.stanford.edu/jmc/progress/chernobyl.html,1,1,0.7,0.52,0.18,ambiguo,preservativo
D03_0115,Omega_A,weblog-typepad.com_ripples_20040407125600_ENG_20040407_125600-0050,http://www.21stcenturysciencetech.com/articles/chernobyl.html,1,1,0.7,0.52,0.18,ambiguo,preservativo
D03_0116,Omega_B,weblog-typepad.com_ripples_20040407125600_ENG_20040407_125600-0051,I would be interested in hearing what conclusions you reached and what you found that was most convincing.,19,7,0.473895,0.180737,0.293158,degenerativo,degenerativo
D03_0117,Omega_C,weblog-typepad.com_ripples_20040407125600_ENG_20040407_125600-0052,radiation:,2,1,0.362,0.0,0.43,degenerativo,degenerativo
D03_0118,Omega_A,weblog-typepad.com_ripples_20040407125600_ENG_20040407_125600-0053,As a child in the 50's I had a lot of glandular problems and they treated it with radiation therapy (primitive at best!) and stopped when a lesion on my neck started enlarging--they said it was not CA but stopped the treatments....,48,21,0.60625,0.305417,0.300833,degenerativo,degenerativo
D03_0119,Omega_B,weblog-typepad.com_ripples_20040407125600_ENG_20040407_125600-0054,Remember the old shoe sizing machines that was a form of radiation xray?,14,8,0.556,0.286714,0.269286,ambiguo,preservativo
D03_0120,Omega_C,weblog-typepad.com_ripples_20040407125600_ENG_20040407_125600-0055,That too was stopped.,5,2,0.328,0.0,0.34,degenerativo,degenerativo
D03_0121,Omega_A,weblog-typepad.com_ripples_20040407125600_ENG_20040407_125600-0056,Don't have to mention what radiation has done and is still doing to Hirsohima & Nagaski folks--there can be no doubts about the effects of radiation in Chernobyl.......,32,14,0.60625,0.32,0.28625,degenerativo,degenerativo
D03_0122,Omega_B,weblog-typepad.com_ripples_20040407125600_ENG_20040407_125600-0057,The Chernobyl Children's Project (http://www.adiccp.org/home/default.asp) offers several ways to help the children of that region.,19,10,0.584421,0.278105,0.306316,degenerativo,degenerativo
D03_0123,Omega_C,weblog-typepad.com_ripples_20040407125600_ENG_20040407_125600-0058,"One of them is the Rest and Recuperation Program, wherein a child can come to the US for a few weeks in the summer.",26,10,0.569231,0.27,0.299231,degenerativo,degenerativo
D03_0124,Omega_A,weblog-typepad.com_ripples_20040407125600_ENG_20040407_125600-0059,"Even a little time spent receiving wholesome, uncontaminated food, good medical care, etc. can add years to their lives.",23,15,0.720522,0.427478,0.293043,degenerativo,degenerativo
D03_0125,Omega_B,weblog-typepad.com_ripples_20040407125600_ENG_20040407_125600-0060,S. and I have an acquaintance who has hosted several of these children for many years; to see these little ones breaks the heart.,26,13,0.65,0.368077,0.281923,degenerativo,ambiguo
D03_0126,Omega_C,weblog-typepad.com_ripples_20040407125600_ENG_20040407_125600-0061,"The urge to protect and gather them all in is almost overwhelming, and makes me more grateful for the blessings I have.",24,11,0.596833,0.306417,0.290417,degenerativo,degenerativo
D03_0127,Omega_A,weblog-typepad.com_ripples_20040407125600_ENG_20040407_125600-0062,"Take care, my friend, Linda",7,4,0.472,0.127714,0.344286,degenerativo,degenerativo
D03_0128,Omega_B,weblog-typepad.com_ripples_20040407125600_ENG_20040407_125600-0063,I'm sorry to say Elena's story has been revealed to be a fake.,16,6,0.4425,0.146875,0.295625,degenerativo,degenerativo
D03_0129,Omega_C,weblog-juancole.com_juancole_20030911085700_ENG_20030911_085700-0001,What do the new al-Qaeda videotape and audio speeches of Bin Laden and Ayman al-Zawahiri tell us about the hopes of the remaining top leadership of the organization?,33,17,0.660606,0.376061,0.284545,degenerativo,degenerativo
D03_0130,Omega_A,weblog-juancole.com_juancole_20030911085700_ENG_20030911_085700-0002,"Because the US and Pakistan have managed to capture or kill about 2/3s of the top 25 al-Qaeda commanders, the middle managers are not in close contact with al-Zawahiri and Bin Laden.",40,19,0.6325,0.33,0.3025,degenerativo,degenerativo
D03_0131,Omega_B,weblog-juancole.com_juancole_20030911085700_ENG_20030911_085700-0003,The tape was a way to signal priorities.,9,4,0.407111,0.104889,0.302222,degenerativo,degenerativo
D03_0132,Omega_C,weblog-juancole.com_juancole_20030911085700_ENG_20030911_085700-0004,"These are 1) Assassinate or overthrow Gen. Pervez Musharraf, the Pakistani military ""president"" who had made a coup in 1999 and has thrown in his lot with the United States against the Taliban and al-Qaeda.",42,18,0.6,0.284286,0.315714,degenerativo,degenerativo
D03_0133,Omega_A,weblog-juancole.com_juancole_20030911085700_ENG_20030911_085700-0005,Musharraf has been trying to purge his officer corps of the substantial number of al-Qaeda sympathizers.,19,10,0.584421,0.296526,0.287895,degenerativo,degenerativo
D03_0134,Omega_B,weblog-juancole.com_juancole_20030911085700_ENG_20030911_085700-0006,"His military intelligence has captured major figures like Abu Zubayda and Khalid Shaykh Muhammad, as well as nearly 500 other al-Qaeda operatives, over 400 of whom the Pakistanis have turned over to the US.",39,21,0.676923,0.391795,0.285128,degenerativo,degenerativo
D03_0135,Omega_C,weblog-juancole.com_juancole_20030911085700_ENG_20030911_085700-0007,"Musharraf held elections in October of 2002, in which center-right parties did well, but in which nearly 20 percent of parliament seats went to the fundamentalist religious party coalition, MMA.",36,19,0.669444,0.37,0.299444,degenerativo,degenerativo
D03_0136,Omega_A,weblog-juancole.com_juancole_20030911085700_ENG_20030911_085700-0008,"MMA also captured the Northwest Frontier Province, which probably shelters Bin Laden and al-Zawahiri, and is in a joint government of Baluchistan Province, also on the Afghanistan border.",34,19,0.691176,0.393529,0.297647,degenerativo,degenerativo
D03_0137,Omega_B,weblog-juancole.com_juancole_20030911085700_ENG_20030911_085700-0009,"If al-Qaeda can kill Musharraf or instigate a military coup against him by Islamist junior officers, they can hope to catapult the MMA to power as political allies and hosts.",34,17,0.65,0.364118,0.285882,degenerativo,degenerativo
D03_0138,Omega_C,weblog-juancole.com_juancole_20030911085700_ENG_20030911_085700-0010,"They would thereby gain control of a major base for terrorist operations, which is also a nuclear power.",20,10,0.578,0.288,0.29,degenerativo,degenerativo
D03_0139,Omega_A,weblog-juancole.com_juancole_20030911085700_ENG_20030911_085700-0011,"All this is highly unlikely, as with most al-Qaeda crackpot schemes.",15,7,0.494667,0.164667,0.33,degenerativo,degenerativo
D03_0140,Omega_B,weblog-juancole.com_juancole_20030911085700_ENG_20030911_085700-0012,But so was it unlikely that a small group of Arab mujahidin would virtually take over Afghanistan.,18,9,0.554,0.279556,0.274444,ambiguo,preservativo
D03_0141,Omega_C,weblog-juancole.com_juancole_20030911085700_ENG_20030911_085700-0013,Response: The US must do whatever it can to strengthen the legitimacy of the Pakistani government.,18,7,0.476222,0.165667,0.310556,degenerativo,degenerativo
D03_0142,Omega_A,weblog-juancole.com_juancole_20030911085700_ENG_20030911_085700-0014,"On the one hand, it should pressure Musharraf to take off his uniform and run for president in a fair election, and to repeal the contentious ""Legal Framework Order"" that essentially perpetuates his dictatorship.",39,17,0.605128,0.295641,0.309487,degenerativo,degenerativo
D03_0143,Omega_B,weblog-juancole.com_juancole_20030911085700_ENG_20030911_085700-0015,"On the other, restrictions should be lifted on the mainstream Muslim League-N and Pakistan People's Party, who can defeat the MMA in fair elections if not hogtied by the secret police.",37,17,0.621622,0.322703,0.298919,degenerativo,degenerativo
D03_0144,Omega_C,weblog-juancole.com_juancole_20030911085700_ENG_20030911_085700-0016,"On the other hand, the US should strong-arm India and Pakistan into a final settlement of the Kashmir issue.",23,11,0.598783,0.29487,0.303913,degenerativo,degenerativo
D03_0145,Omega_A,weblog-juancole.com_juancole_20030911085700_ENG_20030911_085700-0017,Al-Zawahiri attempted to use Musharraf's lack of progress in helping the Muslims of that Indian state as a justification for his overthrow.,26,13,0.65,0.368077,0.281923,degenerativo,ambiguo
D03_0146,Omega_B,weblog-juancole.com_juancole_20030911085700_ENG_20030911_085700-0018,"The Kashmir issue generates far more terrorism, and even the threat of nuclear war, than Iraq ever did.",21,12,0.64,0.345714,0.294286,degenerativo,degenerativo
D03_0147,Omega_C,weblog-juancole.com_juancole_20030911085700_ENG_20030911_085700-0019,2) Target Israel and encourage the worst elements of the Palestinians by playing on the iron fist policies of the Sharon government.,24,12,0.626,0.341833,0.284167,degenerativo,degenerativo
D03_0148,Omega_A,weblog-juancole.com_juancole_20030911085700_ENG_20030911_085700-0020,"Response: The US has succeeded in politically isolating Hamas, and started the process of cutting off its funding.",21,10,0.573333,0.264762,0.308571,degenerativo,degenerativo
D03_0149,Omega_B,weblog-juancole.com_juancole_20030911085700_ENG_20030911_085700-0021,This terrorist organization can now only pull off far less sophisticated bombings and attacks.,15,10,0.634667,0.381333,0.253333,ambiguo,preservativo
D03_0150,Omega_C,weblog-juancole.com_juancole_20030911085700_ENG_20030911_085700-0022,It should continue to be defanged.,7,2,0.272,0.0,0.337143,ambiguo,degenerativo
D03_0151,Omega_A,weblog-juancole.com_juancole_20030911085700_ENG_20030911_085700-0023,"But Sharon's iron fist is simply not working as a means of establishing general peace, and the Bush administration will have to finally apply effective pressure on Sharon to stop his outrages in and colonization of the West Bank and Gaza.",44,23,0.665909,0.398409,0.2675,ambiguo,preservativo
D03_0152,Omega_B,weblog-juancole.com_juancole_20030911085700_ENG_20030911_085700-0024,"Sharon's hard line has worked in tandem with Hamas's terrorism to ratchet up tensions further and further, which spill over into the Muslim world and serve as a recruiting tool for al-Qaeda in its search for agents willing to hit the United States.",49,26,0.671429,0.399592,0.271837,ambiguo,preservativo
D03_0153,Omega_C,weblog-juancole.com_juancole_20030911085700_ENG_20030911_085700-0025,"Israel owes the United States at least this much, in this crisis, to cease militarily unnecessary provocations and establish genuine peace.",24,15,0.7135,0.4335,0.28,ambiguo,ambiguo
D03_0154,Omega_A,weblog-juancole.com_juancole_20030911085700_ENG_20030911_085700-0026,"3) Make Iraq another Afghanistan, using the Republican Right's own tactics against them.",17,8,0.521412,0.200235,0.321176,degenerativo,degenerativo
D03_0155,Omega_B,weblog-juancole.com_juancole_20030911085700_ENG_20030911_085700-0027,"Response: Iraq is actually hostile territory for al-Qaeda, and without Iraqi sympathizers it cannot succeed there.",22,11,0.602,0.283364,0.318636,degenerativo,degenerativo
D03_0156,Omega_C,weblog-juancole.com_juancole_20030911085700_ENG_20030911_085700-0028,"By moving quickly to Iraqi sovereignty and improvement of Iraqi lives, the US may be able to get Iraqis on its side, so that they turn in the foreigners.",32,14,0.60625,0.309062,0.297187,degenerativo,degenerativo
D03_0157,Omega_A,weblog-juancole.com_juancole_20030911085700_ENG_20030911_085700-0029,"Certainly, the Shiites already hate al-Qaeda and would help; likewise the Kurds.",17,9,0.562588,0.229647,0.332941,degenerativo,degenerativo
D03_0158,Omega_B,weblog-juancole.com_juancole_20030911085700_ENG_20030911_085700-0030,"The problem of mollifying the Sunnis, though, has to be solved to avoid giving al-Qaeda an entrée.",22,11,0.602,0.283364,0.318636,degenerativo,degenerativo
D03_0159,Omega_C,weblog-juancole.com_juancole_20030911085700_ENG_20030911_085700-0031,The Americans have to put away their free-market fetishism for a while and find ways of creating jobs and pumping money into Iraqi households.,27,16,0.714815,0.447778,0.267037,ambiguo,preservativo
D03_0160,Omega_A,weblog-juancole.com_juancole_20030911085700_ENG_20030911_085700-0032,"We need an FDR in Iraq, not a Ronald Reagan.",12,5,0.423667,0.097833,0.325833,degenerativo,degenerativo
D03_0161,Omega_B,weblog-juancole.com_juancole_20030911085700_ENG_20030911_085700-0033,"Of course, the sooner the US soldiers can be withdrawn in favor of less-provocative local or international forces, the better.",25,12,0.624,0.31,0.314,degenerativo,degenerativo
D03_0162,Omega_C,weblog-juancole.com_juancole_20030911085700_ENG_20030911_085700-0034,Getting the Spanish out of Iraq isn't nearly as good a rallying cry for al-Qaeda in the Arab world as getting the Americans and British out.,30,16,0.673333,0.4,0.273333,ambiguo,preservativo
D03_0163,Omega_A,weblog-juancole.com_juancole_20030911085700_ENG_20030911_085700-0035,"The thing to keep in mind is that Sunni Arab nationalists and Baathists and local Sunni radicals are likely to remain far more dangerous to the US in Iraq than al-Qaeda infiltrators, and it would be dangerous to take one's eyes off the former ball.",50,25,0.65,0.374,0.276,ambiguo,preservativo
D03_0164,Omega_B,weblog-juancole.com_juancole_20040708181175_ENG_20040708_181175-0001,George W. Bush alleged Thursday that John Edwards lacks the experience necessary to be president.,16,11,0.66125,0.4125,0.24875,ambiguo,preservativo
D03_0165,Omega_C,weblog-juancole.com_juancole_20040708181175_ENG_20040708_181175-0002,"The problem with this argument is that Bush lacked the experience necessary to be president when he ran in 2000, so this sort of cheap shot just hoists him by his own petard.",35,17,0.64,0.362857,0.277143,ambiguo,ambiguo
D03_0166,Omega_A,weblog-juancole.com_juancole_20040708181175_ENG_20040708_181175-0003,Let's just remember a seminal Bush moment in 1999:,11,6,0.501818,0.221818,0.28,ambiguo,ambiguo
D03_0167,Omega_B,weblog-juancole.com_juancole_20040708181175_ENG_20040708_181175-0004,' Bush fails reporter's pop quiz on international leaders,10,7,0.598,0.338,0.26,ambiguo,preservativo
D03_0168,Omega_C,weblog-juancole.com_juancole_20040708181175_ENG_20040708_181175-0005,"November 5, 1999",4,1,0.211,0.0,0.38,ambiguo,degenerativo
D03_0169,Omega_A,weblog-juancole.com_juancole_20040708181175_ENG_20040708_181175-0006,Web posted at: 3:29 p.m. EST (2029 GMT),11,5,0.438182,0.080909,0.357273,degenerativo,degenerativo
D03_0170,Omega_B,weblog-juancole.com_juancole_20040708181175_ENG_20040708_181175-0007,WASHINGTON (CNN) --,5,2,0.328,0.0,0.48,degenerativo,degenerativo
D03_0171,Omega_C,weblog-juancole.com_juancole_20040708181175_ENG_20040708_181175-0008,"Texas Gov. George W. Bush is enduring sharp criticism for being unable to name the leaders of four current world hot spots, but President Bill Clinton says Bush ""should, and probably will, pick up"" those names.",42,23,0.683333,0.385476,0.297857,degenerativo,degenerativo
D03_0172,Omega_A,weblog-juancole.com_juancole_20040708181175_ENG_20040708_181175-0009,"The front-runner for the 2000 Republican presidential nomination faltered Thursday in an international affairs pop quiz posed by Andy Hiller, a political reporter for WHDH-TV in Boston.",33,19,0.70303,0.41697,0.286061,degenerativo,degenerativo
D03_0173,Omega_B,weblog-juancole.com_juancole_20040708181175_ENG_20040708_181175-0010,Bush,1,1,0.7,0.52,0.18,ambiguo,preservativo
D03_0174,Omega_C,weblog-juancole.com_juancole_20040708181175_ENG_20040708_181175-0011,"Hiller asked Bush to name the leaders of Chechnya, Taiwan, India and Pakistan.",16,9,0.57375,0.2625,0.31125,degenerativo,degenerativo
D03_0175,Omega_A,weblog-juancole.com_juancole_20040708181175_ENG_20040708_181175-0012,"Bush was only able to give a partial response to the query on the leader of Taiwan, referring to Taiwanese President Lee Teng-hui simply as ""Lee.""",32,17,0.671875,0.366875,0.305,degenerativo,degenerativo
D03_0176,Omega_B,weblog-juancole.com_juancole_20040708181175_ENG_20040708_181175-0013,He could not name the others.,7,2,0.272,0.0,0.337143,ambiguo,degenerativo
D03_0177,Omega_C,weblog-juancole.com_juancole_20040708181175_ENG_20040708_181175-0014,"""Can you name the general who is in charge of Pakistan?""",14,4,0.356,0.0,0.362143,degenerativo,degenerativo
D03_0178,Omega_A,weblog-juancole.com_juancole_20040708181175_ENG_20040708_181175-0015,"Hiller asked, inquiring about Gen. Pervaiz Musharraf, who seized control of the country October 12.",18,10,0.592889,0.287889,0.305,degenerativo,degenerativo
D03_0179,Omega_B,weblog-juancole.com_juancole_20040708181175_ENG_20040708_181175-0016,"""Wait, wait, is this 50 questions?"" asked Bush.",14,5,0.406,0.0,0.426429,degenerativo,degenerativo
D03_0180,Omega_C,weblog-juancole.com_juancole_20040708181175_ENG_20040708_181175-0017,"Hiller replied: ""No, it's four questions of four leaders in four hot spots."" . . .",22,6,0.442909,0.026545,0.416364,degenerativo,degenerativo
D03_0181,Omega_A,weblog-juancole.com_juancole_20040708181175_ENG_20040708_181175-0018,"Bush, in answering the question about the leader of Pakistan, also said: ""The new Pakistani general, he's just been elected -- not elected, this guy took over office.",36,16,0.611111,0.27,0.341111,degenerativo,degenerativo
D03_0182,Omega_B,weblog-juancole.com_juancole_20040708181175_ENG_20040708_181175-0019,"It appears this guy is going to bring stability to the country and I think that's good news for the subcontinent.""",24,10,0.567667,0.271,0.296667,degenerativo,degenerativo
D03_0183,Omega_C,weblog-juancole.com_juancole_20040708181175_ENG_20040708_181175-0020,Gore released a statement Friday taking Bush to task for his comments on Pakistan's recent coup.,18,11,0.631778,0.374,0.257778,ambiguo,preservativo
D03_0184,Omega_A,weblog-juancole.com_juancole_20040708181175_ENG_20040708_181175-0021,"""I find it troubling that a candidate for president in our country -- the world's oldest democracy -- would characterize the military takeover as ""good news,"" Gore said.",34,15,0.608824,0.272941,0.335882,degenerativo,degenerativo
D03_0185,Omega_B,weblog-juancole.com_juancole_20040708181175_ENG_20040708_181175-0022,"""Further, I find it even more disturbing that he made these comments about a nation that just last year tested nuclear weapons -- shortly after voicing his public opposition to the Comprehensive Test Ban Treaty.",38,22,0.705263,0.425263,0.28,ambiguo,ambiguo
D03_0186,Omega_C,weblog-juancole.com_juancole_20040708181175_ENG_20040708_181175-0023,A spokesman for President Clinton also criticized Bush's comments.,11,7,0.565455,0.299091,0.266364,ambiguo,preservativo
D03_0187,Omega_A,weblog-juancole.com_juancole_20040708181175_ENG_20040708_181175-0024,"""It is very dangerous for this country to condone the overthrow of democratically elected governments,"" said David Leavy, spokesman for the National Security Council.",29,15,0.662069,0.34931,0.312759,degenerativo,degenerativo
D03_0188,Omega_B,weblog-juancole.com_juancole_20040708181175_ENG_20040708_181175-0025,"Not only did Bush not know who General Pervez Musharraf was, he seems to have confused coup-making with ""taking office,"" and moreover went on to suggest that the overthrow of an elected prime minister and the installation in power of the Pakistan military, then the world's strongest supporter of the Taliban, would bring ""stability!""",66,31,0.628788,0.316212,0.312576,degenerativo,degenerativo
D03_0189,Omega_C,weblog-juancole.com_juancole_20040708181175_ENG_20040708_181175-0026,"Musharraf made his coup in part because of the military's anger over Prime Minister Nawaz Sharif's willingness to back down from confronting India over Kashmir, so that he explicitly came to power as a warmonger.",39,19,0.641026,0.366154,0.274872,ambiguo,preservativo
D03_0190,Omega_A,weblog-juancole.com_juancole_20040708181175_ENG_20040708_181175-0027,I can't tell you how ominous I found Bush's performance in that interview.,16,7,0.48625,0.2,0.28625,degenerativo,degenerativo
D03_0191,Omega_B,weblog-juancole.com_juancole_20040708181175_ENG_20040708_181175-0028,"I still remember him stuttering about ""the General,"" unable to remember Musharraf's name.",18,8,0.515111,0.174,0.341111,degenerativo,degenerativo
D03_0192,Omega_C,weblog-juancole.com_juancole_20040708181175_ENG_20040708_181175-0029,"He obviously had no idea what he was talking about, though he demonstrated a number of ill-fated instincts.",22,9,0.538364,0.222,0.316364,degenerativo,degenerativo
D03_0193,Omega_A,weblog-juancole.com_juancole_20040708181175_ENG_20040708_181175-0030,"He obviously liked authoritarian rule better than democracy, equating dictatorship with ""stability.""",16,9,0.57375,0.240625,0.333125,degenerativo,degenerativo
D03_0194,Omega_B,weblog-juancole.com_juancole_20040708181175_ENG_20040708_181175-0031,"And, he didn't think he needed to know anything about South Asia, with its nuclear giants and radical religious politics--the latter a dire security threat to the US.",34,15,0.608824,0.303824,0.305,degenerativo,degenerativo
D03_0195,Omega_C,weblog-juancole.com_juancole_20040708181175_ENG_20040708_181175-0032,He couldn't tell when things were becoming more unstable as opposed to less.,15,8,0.541333,0.268,0.273333,ambiguo,preservativo
D03_0196,Omega_A,weblog-juancole.com_juancole_20040708181175_ENG_20040708_181175-0033,"Musharraf went on to play nuclear brinkmanship with India in 2002, risking war twice that year.",18,11,0.631778,0.354556,0.277222,ambiguo,ambiguo
D03_0197,Omega_B,weblog-juancole.com_juancole_20040708181175_ENG_20040708_181175-0034,"Although Musharraf did turn against the Taliban after September 11, under extreme duress from the US, elements of his military continued to support radical Islamism and have recently been implicated in assassination attempts on Musharraf himself.",39,18,0.623077,0.335385,0.287692,degenerativo,degenerativo
D03_0198,Omega_C,weblog-juancole.com_juancole_20040708181175_ENG_20040708_181175-0035,"This was the body that Bush proclaimed was bringing ""stability"" to the region in fall of 1999.",20,7,0.473,0.143,0.33,degenerativo,degenerativo
D03_0199,Omega_A,weblog-juancole.com_juancole_20040708181175_ENG_20040708_181175-0036,"So, one answer to Bush's charge about Edwards is that if it had any merit, Bush should have declined to run himself.",26,10,0.569231,0.256538,0.312692,degenerativo,degenerativo
D03_0200,Omega_B,weblog-juancole.com_juancole_20040708181175_ENG_20040708_181175-0037,Another answer is that Edwards certainly knows far more about foreign affairs now than Bush did then.,18,11,0.631778,0.374,0.257778,ambiguo,preservativo
D03_0201,Omega_C,weblog-juancole.com_juancole_20040708181175_ENG_20040708_181175-0038,"Indeed, given how Bush has rampaged around the world alienating allies and ignoring vital conflicts with the potential to blow back on the US, one might well argue that Edwards knows more now than Bush does.",39,22,0.694872,0.422564,0.272308,ambiguo,preservativo
D03_0202,Omega_A,weblog-juancole.com_juancole_20040708181175_ENG_20040708_181175-0039,"This is what Edwards' campaign literature said about his positions: ""Edwards believes that the U.S. must be an active leader to help resolve conflicts, from reducing tensions between India and Pakistan to the peace process in Northern Ireland.",43,21,0.64186,0.352558,0.289302,degenerativo,degenerativo
D03_0203,Omega_B,weblog-juancole.com_juancole_20040708181175_ENG_20040708_181175-0040,"Edwards is a strong supporter of Israel, and believes that the U.S. has a vital role in promoting peace between the Israelis and the Palestinians.""",28,13,0.625,0.327143,0.297857,degenerativo,degenerativo
D03_0204,Omega_C,weblog-juancole.com_juancole_20040708181175_ENG_20040708_181175-0041,I don't see Bush doing any of this.,10,3,0.318,0.0,0.32,degenerativo,degenerativo
D03_0205,Omega_A,weblog-juancole.com_juancole_20040604210986_ENG_20040604_210986-0001,From Friday's Daily Star,5,3,0.468,0.228,0.24,ambiguo,preservativo
D03_0206,Omega_B,weblog-juancole.com_juancole_20040604210986_ENG_20040604_210986-0002,By Juan Cole,3,2,0.490667,0.260667,0.23,ambiguo,preservativo
D03_0207,Omega_C,weblog-juancole.com_juancole_20040604210986_ENG_20040604_210986-0003,"Friday, June 04, 2004",6,2,0.293333,0.0,0.396667,degenerativo,degenerativo
D03_0208,Omega_A,weblog-juancole.com_juancole_20040604210986_ENG_20040604_210986-0004,"As the American public gradually wearies of the Iraq crisis, some have begun worrying that the war could blow back on the US by creating the conditions for anti-American terrorism.",32,16,0.65,0.373125,0.276875,ambiguo,ambiguo
D03_0209,Omega_B,weblog-juancole.com_juancole_20040604210986_ENG_20040604_210986-0005,"Israel, however, is much closer to Iraq and is likely to suffer from Iraqi instability much more acutely than will the United States.",26,14,0.676923,0.387308,0.289615,degenerativo,degenerativo
D03_0210,Omega_C,weblog-juancole.com_juancole_20040604210986_ENG_20040604_210986-0006,"Ironically, among the strongest proponents of war in Iraq were Israeli Prime Minister Ariel Sharon and his neoconservative supporters in the US.",24,13,0.655167,0.37725,0.277917,ambiguo,ambiguo
D03_0211,Omega_A,weblog-juancole.com_juancole_20040604210986_ENG_20040604_210986-0007,"Have they, however, actually weakened Israeli security?",10,5,0.458,0.098,0.36,degenerativo,degenerativo
D03_0212,Omega_B,weblog-juancole.com_juancole_20040604210986_ENG_20040604_210986-0008,The biggest threat Israel faces is not from conventional armies but from the asymmetrical tactics of Palestinian national liberation movements.,21,12,0.64,0.379048,0.260952,ambiguo,preservativo
D03_0213,Omega_C,weblog-juancole.com_juancole_20040604210986_ENG_20040604_210986-0009,The derailing of the Oslo peace process by the hard-line policies of Sharon and the Palestinian intifada has encouraged suicide bombings.,24,13,0.655167,0.37725,0.277917,ambiguo,ambiguo
D03_0214,Omega_A,weblog-juancole.com_juancole_20040604210986_ENG_20040604_210986-0010,"This, in turn, has discouraged international investment in Israel and has made it less likely that immigrants to the country will actually remain there.",27,13,0.637037,0.34037,0.296667,degenerativo,degenerativo
D03_0215,Omega_B,weblog-juancole.com_juancole_20040604210986_ENG_20040604_210986-0011,"Although Israel withdrew from Lebanese territory in May 2000, the radical Lebanese Shiite party, Hizbullah, has not been mollified.",23,11,0.598783,0.279652,0.31913,degenerativo,degenerativo
D03_0216,Omega_C,weblog-juancole.com_juancole_20040604210986_ENG_20040604_210986-0012,"It is estimated to have some 5,000 armed fighters, and they have pursued attacks against Israeli forces to compel them to withdraw from the Shebaa Farms, a sliver of Syrian territory that Israel annexed after the 1967 war.",41,18,0.607317,0.317561,0.289756,degenerativo,degenerativo
D03_0217,Omega_A,weblog-juancole.com_juancole_20040604210986_ENG_20040604_210986-0013,"Any thorough assessment of the impact of the Iraq war and its aftermath on Israel's security environment must, therefore, closely examine its likely effect on the conduct of asymmetrical warfare.",34,17,0.65,0.364118,0.285882,degenerativo,degenerativo
D03_0218,Omega_B,weblog-juancole.com_juancole_20040604210986_ENG_20040604_210986-0014,"Although it is often alleged (without much evidence) that Saddam Hussein gave money to the families of Palestinian suicide bombers and so encouraged asymmetrical warfare, it is not clear that he actually posed a danger to Israel.",41,21,0.658537,0.37122,0.287317,degenerativo,degenerativo
D03_0219,Omega_C,weblog-juancole.com_juancole_20040604210986_ENG_20040604_210986-0015,The Palestinians who have been willing to kill themselves to end the Israeli occupation of the Gaza Strip and the West Bank were not driven by economic considerations.,29,13,0.613793,0.338966,0.274828,ambiguo,preservativo
D03_0220,Omega_A,weblog-juancole.com_juancole_20040604210986_ENG_20040604_210986-0016,Saddam never did anything practical to help the Palestinians.,10,6,0.528,0.253,0.275,ambiguo,preservativo
D03_0221,Omega_B,weblog-juancole.com_juancole_20040604210986_ENG_20040604_210986-0017,"At some points, as in the late 1980s, he reportedly made behind-the-scenes overtures to the Israelis to arrive at some sort of a deal.",31,11,0.548387,0.215161,0.333226,degenerativo,degenerativo
D03_0222,Omega_C,weblog-juancole.com_juancole_20040604210986_ENG_20040604_210986-0018,He did not allow Palestinian radicals to launch operations against Israel from Iraq.,14,7,0.506,0.226,0.28,ambiguo,ambiguo
D03_0223,Omega_A,weblog-juancole.com_juancole_20040604210986_ENG_20040604_210986-0019,"By the late 1990s, Iraq had no nuclear or biological weapons program, and had destroyed its chemical weapons stockpiles.",22,12,0.633818,0.337909,0.295909,degenerativo,degenerativo
D03_0224,Omega_B,weblog-juancole.com_juancole_20040604210986_ENG_20040604_210986-0020,Its ramshackle army had virtually collapsed before the American invasion in 2003.,13,6,0.467077,0.179385,0.287692,degenerativo,degenerativo
D03_0225,Omega_C,weblog-juancole.com_juancole_20040604210986_ENG_20040604_210986-0021,"If it is hard to see how Baathist Iraq posed any real threat to Israel, it is not so difficult to see a menace in the current instability.",30,15,0.65,0.371667,0.278333,ambiguo,ambiguo
D03_0226,Omega_A,weblog-juancole.com_juancole_20040604210986_ENG_20040604_210986-0022,The bungling of post-war Iraq by the Bush administration created a weak and failed state.,16,9,0.57375,0.30625,0.2675,ambiguo,preservativo
D03_0227,Omega_B,weblog-juancole.com_juancole_20040604210986_ENG_20040604_210986-0023,"Armed militias, many staffed by former Iraqi military men with substantial training and experience, have proliferated.",19,12,0.658105,0.367579,0.290526,degenerativo,degenerativo
D03_0228,Omega_C,weblog-juancole.com_juancole_20040604210986_ENG_20040604_210986-0024,"The US chose to ally itself with such groups as the Supreme Council for the Islamic Revolution in Iraq, whose 15,000-strong Badr Corps paramilitary was trained by the Iranian Revolutionary Guards.",35,18,0.66,0.377143,0.282857,degenerativo,ambiguo
D03_0229,Omega_A,weblog-juancole.com_juancole_20040604210986_ENG_20040604_210986-0025,Anti-Israeli and pro-Palestinian feeling is strong among several major Iraqi ideological groups and currents.,15,10,0.634667,0.381333,0.253333,ambiguo,preservativo
D03_0230,Omega_B,weblog-juancole.com_juancole_20040604210986_ENG_20040604_210986-0026,"The more radical Shiites, who generally follow the theocratic notions of Iran's Ayatollah Ruhollah Khomeini, routinely chant and demonstrate against Israel.",25,15,0.708,0.426,0.282,degenerativo,ambiguo
D03_0231,Omega_C,weblog-juancole.com_juancole_20040604210986_ENG_20040604_210986-0027,"They vehemently protested the Israeli assassination of Sheikh Ahmed Yassin, the leader of Hamas, last March.",19,11,0.621263,0.322842,0.298421,degenerativo,degenerativo
D03_0232,Omega_A,weblog-juancole.com_juancole_20040604210986_ENG_20040604_210986-0028,"Worse for Israel, the assassination drew a denunciation even from the moderate and cautious Grand Ayatollah Ali Sistani, who wields enormous moral authority over Iraqi Shiites.",29,18,0.734483,0.461379,0.273103,ambiguo,preservativo
D03_0233,Omega_B,weblog-juancole.com_juancole_20040604210986_ENG_20040604_210986-0029,"These Shiite movements had been suppressed by Saddam Hussein's regime, but have now organized and armed themselves.",20,9,0.543,0.2455,0.2975,degenerativo,degenerativo
D03_0234,Omega_C,weblog-juancole.com_juancole_20040604210986_ENG_20040604_210986-0030,They have also reestablished their historical links with Lebanese and Iranian Shiites.,13,7,0.520923,0.244769,0.276154,ambiguo,ambiguo
D03_0235,Omega_A,weblog-juancole.com_juancole_20040604210986_ENG_20040604_210986-0031,"It is inevitable that most Iraqi Shiites will side with their Hizbullah coreligionists against Israel, and it seems likely that Iraqi Shiites will get rich enough from Iraqi petroleum sales in the future that they will be in a good position to bankroll Lebanese Shiite radicals.",48,25,0.664583,0.398125,0.266458,ambiguo,preservativo
D03_0236,Omega_B,weblog-juancole.com_juancole_20040604210986_ENG_20040604_210986-0032,"Sunni Arab fundamentalists deeply sympathize with the Palestinians and with Hamas, and those in Iraq have deep historical inks with fundamentalists in Jordan and Palestine.",27,15,0.688889,0.416296,0.272593,ambiguo,preservativo
D03_0237,Omega_C,weblog-juancole.com_juancole_20040604210986_ENG_20040604_210986-0033,"Iraqi cities such as Fallujah and Ramadi were on the truck route from Amman to Baghdad, and so came under the influence of the Salafi movement, which is popular in Jordan.",34,16,0.629412,0.339118,0.290294,degenerativo,degenerativo
D03_0238,Omega_A,weblog-juancole.com_juancole_20040604210986_ENG_20040604_210986-0034,"Secular Arab nationalist groups also universally sympathize with the Palestinians, and those in post-Saddam Iraq are no exception.",20,11,0.613,0.3305,0.2825,degenerativo,ambiguo
D03_0239,Omega_B,weblog-juancole.com_juancole_20040604210986_ENG_20040604_210986-0035,"Whereas Saddam Hussein's dictatorship ensured that such populist currents were kept firmly under control, they are now free to organize.",23,13,0.659652,0.384,0.275652,ambiguo,preservativo
D03_0240,Omega_C,weblog-juancole.com_juancole_20040604210986_ENG_20040604_210986-0036,An Iraq in which armed fundamentalist and nationalist militias proliferate is inevitably a security worry for Israel.,18,10,0.592889,0.326778,0.266111,ambiguo,preservativo
D03_0241,Omega_A,weblog-juancole.com_juancole_20040604210986_ENG_20040604_210986-0037,"If even a modicum of normality and security can be returned to Iraq, its citizens will be able to benefit from the country's petroleum reserves.",28,12,0.6,0.309286,0.290714,degenerativo,degenerativo
D03_0242,Omega_B,weblog-juancole.com_juancole_20040604210986_ENG_20040604_210986-0038,That private wealth can easily be funneled into aid for the Palestinians and for Lebanese Shiites.,17,8,0.521412,0.241412,0.28,ambiguo,ambiguo
D03_0243,Omega_C,weblog-juancole.com_juancole_20040604210986_ENG_20040604_210986-0039,"Israel's security interests are best served by peace with its neighbors, which can only be achieved by trading land for peace with the Palestinians.",27,13,0.637037,0.353333,0.283704,degenerativo,ambiguo
D03_0244,Omega_A,weblog-juancole.com_juancole_20040604210986_ENG_20040604_210986-0040,Ariel Sharon's aggressive near annexation of almost half of the occupied West Bank and his indefinite postponement of any Palestinian state have created unprecedented rage and violence.,29,18,0.734483,0.485517,0.248966,ambiguo,preservativo
D03_0245,Omega_B,weblog-juancole.com_juancole_20040604210986_ENG_20040604_210986-0041,"The anger has spread throughout the Muslim world, including Iraq.",12,6,0.482,0.168667,0.313333,degenerativo,degenerativo
D03_0246,Omega_C,weblog-juancole.com_juancole_20040604210986_ENG_20040604_210986-0042,"The promotion by the pro-Zionist right of twin occupations - in the West Bank and in Iraq - has profoundly weakened, not strengthened, Israeli security.",28,13,0.625,0.302143,0.322857,degenerativo,degenerativo
D03_0247,Omega_A,weblog-juancole.com_juancole_20040604210986_ENG_20040604_210986-0043,"Juan Cole (www.juancole.com) is a professor of modern Middle East history at the University of Michigan and author of ""Sacred Space and Holy War"" (I.B. Tauris, 2002).",35,17,0.64,0.302857,0.337143,degenerativo,degenerativo
D03_0248,Omega_B,weblog-juancole.com_juancole_20040604210986_ENG_20040604_210986-0044,THE DAILY STAR publishes this commentary in agreement with Agence Global,11,7,0.565455,0.330909,0.234545,ambiguo,preservativo
D03_0249,Omega_C,weblog-blogspot.com_dakbangla_20041119231111_ENG_20041119_231111-0001,Tamils feel that the proposed defense agreement between India and Sri Lanka would encourage Sinhala rulers to prepare for another war abandoning the current peace process,26,17,0.757692,0.525769,0.231923,ambiguo,preservativo
D03_0250,Omega_A,weblog-blogspot.com_dakbangla_20041119231111_ENG_20041119_231111-0002,But there are strong hints in the country that a new Indo-Sri Lanka defense deal could be in the making.,23,10,0.568348,0.27313,0.295217,degenerativo,degenerativo
D03_0251,Omega_B,weblog-blogspot.com_dakbangla_20041119231111_ENG_20041119_231111-0003,And this has already drawn protests from the Tamil National Alliance (TNA) which was backed by the LTTE in the April general elections held in Sri Lanka.,30,15,0.65,0.36,0.29,degenerativo,degenerativo
D03_0252,Omega_C,weblog-blogspot.com_dakbangla_20041119231111_ENG_20041119_231111-0004,"Apart from the 1,200 Indian lives lost in 1987, the Indian peacekeeping force was immensely unpopular not only in Tamil Nadu and the Jaffna peninsula but also among the Sinhalese majority who considered it a violation of their country's sovereignty.",43,21,0.64186,0.368837,0.273023,ambiguo,preservativo
D03_0253,Omega_A,weblog-blogspot.com_dakbangla_20041119231111_ENG_20041119_231111-0005,India defensive over Sri Lanka,5,4,0.608,0.398,0.21,ambiguo,preservativo
D03_0254,Omega_B,weblog-blogspot.com_dakbangla_20041119231111_ENG_20041119_231111-0006,By Ranjit Devraj,3,2,0.490667,0.260667,0.23,ambiguo,preservativo
D03_0255,Omega_C,weblog-blogspot.com_dakbangla_20041119231111_ENG_20041119_231111-0007,NEW DELHI -,3,2,0.490667,0.144,0.346667,degenerativo,degenerativo
D03_0256,Omega_A,weblog-blogspot.com_dakbangla_20041119231111_ENG_20041119_231111-0008,"While India is ready to enter into a ""defense cooperation agreement"" with Sri Lanka, it is wary of being drawn into any military involvement in the island nation's two decades-old civil war that has seen violent strife between ethnic Tamils and the Sinhalese majority - leaving over 60,000 dead on both sides.",59,29,0.644068,0.352203,0.291864,degenerativo,degenerativo
D03_0257,Omega_B,weblog-blogspot.com_dakbangla_20041119231111_ENG_20041119_231111-0009,And that explains the delay in the signing of a formal defense agreement that was at the heart of Sri Lankan President Chandrika Kumaratunga's four-day visit to India recently.,33,16,0.639394,0.360909,0.278485,ambiguo,ambiguo
D03_0258,Omega_C,weblog-blogspot.com_dakbangla_20041119231111_ENG_20041119_231111-0010,"According to Professor S D Muni, South Asia expert at the Jawaharal Nehru University, the two-year peace talks between Colombo and the Liberation Tigers of Tamil Eelam (LTTE) are stalemated.",37,21,0.697297,0.395676,0.301622,degenerativo,degenerativo
D03_0259,Omega_A,weblog-blogspot.com_dakbangla_20041119231111_ENG_20041119_231111-0011,"For that reason, he said, Kumaratunga's government was keen to beef up military preparedness with Indian support.",21,10,0.573333,0.264762,0.308571,degenerativo,degenerativo
D03_0260,Omega_B,weblog-blogspot.com_dakbangla_20041119231111_ENG_20041119_231111-0012,"""The Sri Lankan government does not want to initiate a conflict but would be interested in deterring the LTTE from starting one.",24,10,0.567667,0.271,0.296667,degenerativo,degenerativo
